date,platform,channel_id,title,total_views,subscribers
2026-06-09,YouTube,UC8Fm-ogvMehvbgF0BJjKiuQ,DramaFeverTV,145806,495
2026-06-09,YouTube,UC77WdDKy6cbCxZkC46eaudA,Drama addict,2660686,6500
2026-06-09,YouTube,UCy_zcQwyTyQG6bpwfpHfffw,pkmovie3,3319,18
2026-06-09,YouTube,UC80LfoIH6FrzHTm6lXTWCKQ,DramaStory,467460,1770
2026-06-09,Dailymotion,x3tfxr4,ReelShort Romance Shorts,1284675,3490
2026-06-09,Dailymotion,x3tgq5g,The Rabbit Hole TV,213445,682
2026-06-09,Dailymotion,x3tgqdc,ReelShort Drama Bombshell,151415,428
2026-06-09,Dailymotion,x3tgqpa,Reel Short Flick Frenzy,83844,319
2026-06-09,Dailymotion,x3tgrdw,Reel Drama Dose,341541,935
2026-06-09,Dailymotion,x45tgp8,ReelShort English Shorts,20731,1185
2026-06-09,Dailymotion,x45tkva,ReelShort Fantasy Shorts,600150,1678
2026-06-09,Dailymotion,x45tobw,ReelShort Sweet Shorts,642,82
2026-06-09,Dailymotion,x4c7qxk,ReelShortDaily,103,10
2026-06-09,Dailymotion,x4c7saw,ReelShort_Drama_Hub,53,10
2026-06-09,Dailymotion,x4c7srk,ReelShort_Drama_Show,32,4
2026-06-09,Dailymotion,x4c7syo,ReelShort_Drama_Buzz,4,6
2026-06-09,Dailymotion,x4c7t3q,ReelShort_Drama_Clips,3,7
2026-06-09,Dailymotion,x3tgots,ReelShort Love Shorts,401067,866
2026-06-09,Dailymotion,x3tgs5s,FilmBox Channel,209284,355
2026-06-09,Dailymotion,x3tgtae,Easy Shorts,483430,669
2026-06-09,Dailymotion,x3tgrnq,ReelShort Drama Shorts,1169094,3090
2026-06-09,Dailymotion,x4c7r9u,love-shortdrama,80,0
2026-06-09,Dailymotion,x4c7ro4,babygirllovesshortdrama,65,0
2026-06-09,Dailymotion,x4c7sre,dailyshortdrama,32,0
2026-06-09,Dailymotion,x4c7qhk,drama lover girl,0,0
2026-06-09,Dailymotion,x4g6uv8,ReelShort Story Shorts,1648,27
2026-06-09,Dailymotion,x4g735i,ReelShort Movie Shorts,25278,418
2026-06-09,Dailymotion,x4kmjg6,Daily Reelshort,1219,22
2026-06-09,Dailymotion,x4k7s0s,ReelShort_GlancePlay,56,5
2026-06-09,Dailymotion,x4j6cxg,Camara Romance Shorts,0,14
2026-06-09,Dailymotion,x4klm7q,ReelShort Romance Shows,20074,206
2026-06-09,Dailymotion,x4klqy0,ReelShort Hot Drama Hub,366108,1209
2026-06-09,Dailymotion,x4kpgc4,Reelshort First Love Shorts,0,14
2026-06-09,Dailymotion,x4jaytw,Reel Romance Swipe,33972,108
2026-06-09,Dailymotion,x4ks0k4,Reel Raw Vibe,31145,60
2026-06-09,Dailymotion,x4ks4yi,ReelShort Spicy Shorts,0,12
2026-06-09,Dailymotion,x4krkfk,ReelShort Intense Stories,1743,48
2026-06-09,Dailymotion,x4ko26y,ReelShort Drama Collection,51403,276
2026-06-09,Dailymotion,x4oad9u,ReelShort Drama Spotlight,101926,328
2026-06-09,Dailymotion,x4ksw2e,DramaMagic,57332,76
2026-06-09,Dailymotion,x4kt5f6,Drama Reels,80198,680
2026-06-09,Dailymotion,x4ku6nw,ReelShort Drama Studio,359085,826
2026-06-09,Dailymotion,x4kvw02,Ugoeze ReelShort Drama,97,10
2026-06-09,Dailymotion,x4kj6r0,ReelShort TV,390562,1077
2026-06-09,Dailymotion,x3xvhc6,ReelShort Romance Videos,279599,874
2026-06-09,Dailymotion,x4kfmg6,ReelShort Drama Movies,4166,338
2026-06-10,YouTube,UC8Fm-ogvMehvbgF0BJjKiuQ,DramaFeverTV,163856,537
2026-06-10,YouTube,UC77WdDKy6cbCxZkC46eaudA,Drama addict,2719492,6620
2026-06-10,YouTube,UCy_zcQwyTyQG6bpwfpHfffw,pkmovie3,3319,18
2026-06-10,YouTube,UC80LfoIH6FrzHTm6lXTWCKQ,DramaStory,536490,1970
2026-06-10,Dailymotion,x3tfxr4,ReelShort Romance Shorts,1291928,3511
2026-06-10,Dailymotion,x3tgq5g,The Rabbit Hole TV,244845,742
2026-06-10,Dailymotion,x3tgqdc,ReelShort Drama Bombshell,151563,429
2026-06-10,Dailymotion,x3tgqpa,Reel Short Flick Frenzy,84893,319
2026-06-10,Dailymotion,x3tgrdw,Reel Drama Dose,347041,943
2026-06-10,Dailymotion,x45tgp8,ReelShort English Shorts,21204,1192
2026-06-10,Dailymotion,x45tkva,ReelShort Fantasy Shorts,628455,1702
2026-06-10,Dailymotion,x45tobw,ReelShort Sweet Shorts,653,82
2026-06-10,Dailymotion,x4c7qxk,ReelShortDaily,103,10
2026-06-10,Dailymotion,x4c7saw,ReelShort_Drama_Hub,53,10
2026-06-10,Dailymotion,x4c7srk,ReelShort_Drama_Show,32,4
2026-06-10,Dailymotion,x4c7syo,ReelShort_Drama_Buzz,4,6
2026-06-10,Dailymotion,x4c7t3q,ReelShort_Drama_Clips,3,7
2026-06-10,Dailymotion,x3tgots,ReelShort Love Shorts,408682,880
2026-06-10,Dailymotion,x3tgs5s,FilmBox Channel,226092,383
2026-06-10,Dailymotion,x3tgtae,Easy Shorts,489219,678
2026-06-10,Dailymotion,x3tgrnq,ReelShort Drama Shorts,1192603,3139
2026-06-10,Dailymotion,x4c7r9u,love-shortdrama,88,0
2026-06-10,Dailymotion,x4c7ro4,babygirllovesshortdrama,65,0
2026-06-10,Dailymotion,x4c7sre,dailyshortdrama,32,0
2026-06-10,Dailymotion,x4c7qhk,drama lover girl,0,0
2026-06-10,Dailymotion,x4g6uv8,ReelShort Story Shorts,1809,27
2026-06-10,Dailymotion,x4g735i,ReelShort Movie Shorts,33678,441
2026-06-10,Dailymotion,x4kmjg6,Daily Reelshort,1235,22
2026-06-10,Dailymotion,x4k7s0s,ReelShort_GlancePlay,56,6
2026-06-10,Dailymotion,x4j6cxg,Camara Romance Shorts,0,14
2026-06-10,Dailymotion,x4klm7q,ReelShort Romance Shows,21030,213
2026-06-10,Dailymotion,x4klqy0,ReelShort Hot Drama Hub,381393,1239
2026-06-10,Dailymotion,x4kpgc4,Reelshort First Love Shorts,0,14
2026-06-10,Dailymotion,x4jaytw,Reel Romance Swipe,35211,113
2026-06-10,Dailymotion,x4ks0k4,Reel Raw Vibe,37258,67
2026-06-10,Dailymotion,x4ks4yi,ReelShort Spicy Shorts,0,12
2026-06-10,Dailymotion,x4krkfk,ReelShort Intense Stories,1777,49
2026-06-10,Dailymotion,x4ko26y,ReelShort Drama Collection,57336,322
2026-06-10,Dailymotion,x4oad9u,ReelShort Drama Spotlight,122515,355
2026-06-10,Dailymotion,x4ksw2e,DramaMagic,57836,78
2026-06-10,Dailymotion,x4kt5f6,Drama Reels,84517,700
2026-06-10,Dailymotion,x4ku6nw,ReelShort Drama Studio,374326,856
2026-06-10,Dailymotion,x4kvw02,Ugoeze ReelShort Drama,97,10
2026-06-10,Dailymotion,x4kj6r0,ReelShort TV,399908,1097
2026-06-10,Dailymotion,x3xvhc6,ReelShort Romance Videos,289784,910
2026-06-10,Dailymotion,x4kfmg6,ReelShort Drama Movies,4272,341
2026-06-11,YouTube,UCAkSxwl8Lbk2hBXAAfsEFTA,Victor Drama,393914,1570
2026-06-11,YouTube,UCctSzoeee7KCnR84dZ6IO7w,Maple Playhouse,115095,414
2026-06-11,YouTube,UC82nFsZOjs5Tr96upPPq9Ww,Spur Reels,0,0
2026-06-11,YouTube,UCnwjt6PgkKuZC4S1A0yTOFQ,DramaWithBestie,2091347,6990
2026-06-11,YouTube,UCHONLLEtQ4f9yoqa1BWlhSg,QuickFixDrama,2037708,2830
2026-06-11,YouTube,UC8Fm-ogvMehvbgF0BJjKiuQ,DramaFeverTV,170024,577
2026-06-11,YouTube,UCxfDVRNK6SoN59v_t3ZJ33A,dramabook,955364,3490
2026-06-11,YouTube,UCdtOFTQ1GVPKzvOYsi1ApIw,Pocket Movie,992416,2900
2026-06-11,YouTube,UCSlOhfr5f-RPRP50yRri1uA,Pocket Story,0,1
2026-06-11,YouTube,UC2IjY1Gm6b7pYp-vMJ2R9ig,SceneClip,4915195,14400
2026-06-11,YouTube,UC77WdDKy6cbCxZkC46eaudA,Drama addict,2749059,6720
2026-06-11,YouTube,UChhBhc7qJ42rgzAIPe9z6Cg,LittleDrama,1415559,4010
2026-06-11,YouTube,UC80LfoIH6FrzHTm6lXTWCKQ,DramaStory,571455,2140
2026-06-11,YouTube,UC49-b-BhbYoG54YNkwmzg8w,HotReel,0,0
2026-06-11,YouTube,UCIg97fCjw1HnS8vPqwiHLGA,Drama Nook,6867668,18300
2026-06-11,YouTube,UCm3RYOItKT_P0-oRCkkSMZw,The Drama Club,3330906,10600
2026-06-11,YouTube,UCL_RZ1IidYQkVQxfimfnPSQ,This Plot Got Me,1318411,5790
2026-06-11,YouTube,UCMGKZD9ggu_Pfo4dkL47cXQ,Dreamy Drama TV,400878,1490
2026-06-11,YouTube,UCEFB0gMdnD1NyiZaedHg2hQ,HeyDramaTV,401978,1110
2026-06-11,YouTube,UC0GVHmLgrxE2SS8F0C19JVg,Pocket Swoon,2209776,6200
2026-06-11,YouTube,UCZem4a64VnhfA4CBw9vM2bg,Swoon Bites,993799,4250
2026-06-11,YouTube,UCxxl4xdZZqRSSz2VfnFBhwA,DramaBitesTV,2629212,28300
2026-06-11,YouTube,UCsbnInDepLdq6o781WVZ-5g,Dark Swoon,1542374,4610
2026-06-11,YouTube,UCf3lAEw_WPtcgHMUVAunzSw,Pocket Crush,4355295,10800
2026-06-11,Dailymotion,x3tfxr4,ReelShort Romance Shorts,1296980,3527
2026-06-11,Dailymotion,x3tgq5g,The Rabbit Hole TV,272773,796
2026-06-11,Dailymotion,x3tgqdc,ReelShort Drama Bombshell,154169,436
2026-06-11,Dailymotion,x3tgqpa,Reel Short Flick Frenzy,85964,323
2026-06-11,Dailymotion,x3tgrdw,Reel Drama Dose,349602,956
2026-06-11,Dailymotion,x45tgp8,ReelShort English Shorts,21650,1195
2026-06-11,Dailymotion,x45tkva,ReelShort Fantasy Shorts,647019,1727
2026-06-11,Dailymotion,x45tobw,ReelShort Sweet Shorts,663,82
2026-06-11,Dailymotion,x4c7qxk,ReelShortDaily,103,10
2026-06-11,Dailymotion,x4c7saw,ReelShort_Drama_Hub,53,10
2026-06-11,Dailymotion,x4c7srk,ReelShort_Drama_Show,32,4
2026-06-11,Dailymotion,x4c7syo,ReelShort_Drama_Buzz,4,6
2026-06-11,Dailymotion,x4c7t3q,ReelShort_Drama_Clips,3,7
2026-06-11,Dailymotion,x3tgots,ReelShort Love Shorts,425615,906
2026-06-11,Dailymotion,x3tgs5s,FilmBox Channel,237116,401
2026-06-11,Dailymotion,x3tgtae,Easy Shorts,500110,691
2026-06-11,Dailymotion,x3tgrnq,ReelShort Drama Shorts,1212170,3184
2026-06-11,Dailymotion,x4c7r9u,love-shortdrama,88,0
2026-06-11,Dailymotion,x4c7ro4,babygirllovesshortdrama,65,0
2026-06-11,Dailymotion,x4c7sre,dailyshortdrama,32,0
2026-06-11,Dailymotion,x4c7qhk,drama lover girl,0,0
2026-06-11,Dailymotion,x4g6uv8,ReelShort Story Shorts,1985,30
2026-06-11,Dailymotion,x4g735i,ReelShort Movie Shorts,34519,445
2026-06-11,Dailymotion,x4kmjg6,Daily Reelshort,1245,22
2026-06-11,Dailymotion,x4k7s0s,ReelShort_GlancePlay,56,7
2026-06-11,Dailymotion,x4j6cxg,Camara Romance Shorts,0,14
2026-06-11,Dailymotion,x4klm7q,ReelShort Romance Shows,22288,217
2026-06-11,Dailymotion,x4klqy0,ReelShort Hot Drama Hub,392185,1265
2026-06-11,Dailymotion,x4kpgc4,Reelshort First Love Shorts,0,14
2026-06-11,Dailymotion,x4jaytw,Reel Romance Swipe,35994,115
2026-06-11,Dailymotion,x4ks0k4,Reel Raw Vibe,40432,77
2026-06-11,Dailymotion,x4ks4yi,ReelShort Spicy Shorts,0,12
2026-06-11,Dailymotion,x4krkfk,ReelShort Intense Stories,1792,49
2026-06-11,Dailymotion,x4ko26y,ReelShort Drama Collection,61531,357
2026-06-11,Dailymotion,x4oad9u,ReelShort Drama Spotlight,137363,380
2026-06-11,Dailymotion,x4ksw2e,DramaMagic,58181,82
2026-06-11,Dailymotion,x4kt5f6,Drama Reels,88214,715
2026-06-11,Dailymotion,x4ku6nw,ReelShort Drama Studio,383246,874
2026-06-11,Dailymotion,x4kvw02,Ugoeze ReelShort Drama,97,10
2026-06-11,Dailymotion,x4kj6r0,ReelShort TV,407230,1130
2026-06-11,Dailymotion,x3xvhc6,ReelShort Romance Videos,297644,934
2026-06-11,Dailymotion,x4kfmg6,ReelShort Drama Movies,4348,345
2026-06-12,YouTube,UCAkSxwl8Lbk2hBXAAfsEFTA,Victor Drama,419553,1690
2026-06-12,YouTube,UCctSzoeee7KCnR84dZ6IO7w,Maple Playhouse,134381,463
2026-06-12,YouTube,UC82nFsZOjs5Tr96upPPq9Ww,Spur Reels,1,0
2026-06-12,YouTube,UCnwjt6PgkKuZC4S1A0yTOFQ,DramaWithBestie,2143772,7130
2026-06-12,YouTube,UCHONLLEtQ4f9yoqa1BWlhSg,QuickFixDrama,2105502,2910
2026-06-12,YouTube,UC8Fm-ogvMehvbgF0BJjKiuQ,DramaFeverTV,182213,606
2026-06-12,YouTube,UCxfDVRNK6SoN59v_t3ZJ33A,dramabook,985655,3550
2026-06-12,YouTube,UCdtOFTQ1GVPKzvOYsi1ApIw,Pocket Movie,1029414,3010
2026-06-12,YouTube,UCSlOhfr5f-RPRP50yRri1uA,Pocket Story,2,1
2026-06-12,YouTube,UC2IjY1Gm6b7pYp-vMJ2R9ig,SceneClip,4961145,14600
2026-06-12,YouTube,UC77WdDKy6cbCxZkC46eaudA,Drama addict,2792786,6810
2026-06-12,YouTube,UChhBhc7qJ42rgzAIPe9z6Cg,LittleDrama,1430620,4050
2026-06-12,YouTube,UC80LfoIH6FrzHTm6lXTWCKQ,DramaStory,633321,2300
2026-06-12,YouTube,UC49-b-BhbYoG54YNkwmzg8w,HotReel,0,0
2026-06-12,YouTube,UCIg97fCjw1HnS8vPqwiHLGA,Drama Nook,6888453,18300
2026-06-12,YouTube,UCm3RYOItKT_P0-oRCkkSMZw,The Drama Club,3424417,10900
2026-06-12,YouTube,UCL_RZ1IidYQkVQxfimfnPSQ,This Plot Got Me,1126166,5950
2026-06-12,YouTube,UCMGKZD9ggu_Pfo4dkL47cXQ,Dreamy Drama TV,414525,1600
2026-06-12,YouTube,UCEFB0gMdnD1NyiZaedHg2hQ,HeyDramaTV,466060,1260
2026-06-12,YouTube,UC0GVHmLgrxE2SS8F0C19JVg,Pocket Swoon,2243537,6270
2026-06-12,YouTube,UCZem4a64VnhfA4CBw9vM2bg,Swoon Bites,1072589,4410
2026-06-12,YouTube,UCxxl4xdZZqRSSz2VfnFBhwA,DramaBitesTV,2643653,28400
2026-06-12,YouTube,UCsbnInDepLdq6o781WVZ-5g,Dark Swoon,1558197,4660
2026-06-12,YouTube,UCf3lAEw_WPtcgHMUVAunzSw,Pocket Crush,4412029,10900
2026-06-12,YouTube,UCP4STX85lq_fpEtvQcq_5fw,I Found This Drama,9883113,30300
2026-06-12,YouTube,UCk2O5vfW3c_W5YWQ_BoD1Ug,Drama Found Me,14115844,42600
2026-06-12,Dailymotion,x3tfxr4,ReelShort Romance Shorts,1300455,3541
2026-06-12,Dailymotion,x3tgq5g,The Rabbit Hole TV,290731,831
2026-06-12,Dailymotion,x3tgqdc,ReelShort Drama Bombshell,158432,440
2026-06-12,Dailymotion,x3tgqpa,Reel Short Flick Frenzy,87852,329
2026-06-12,Dailymotion,x3tgrdw,Reel Drama Dose,351305,959
2026-06-12,Dailymotion,x45tgp8,ReelShort English Shorts,22053,1197
2026-06-12,Dailymotion,x45tkva,ReelShort Fantasy Shorts,658478,1751
2026-06-12,Dailymotion,x45tobw,ReelShort Sweet Shorts,680,83
2026-06-12,Dailymotion,x4c7qxk,ReelShortDaily,103,10
2026-06-12,Dailymotion,x4c7saw,ReelShort_Drama_Hub,53,10
2026-06-12,Dailymotion,x4c7srk,ReelShort_Drama_Show,32,4
2026-06-12,Dailymotion,x4c7syo,ReelShort_Drama_Buzz,4,6
2026-06-12,Dailymotion,x4c7t3q,ReelShort_Drama_Clips,3,7
2026-06-12,Dailymotion,x3tgots,ReelShort Love Shorts,457060,940
2026-06-12,Dailymotion,x3tgs5s,FilmBox Channel,252122,415
2026-06-12,Dailymotion,x3tgtae,Easy Shorts,507592,699
2026-06-12,Dailymotion,x3tgrnq,ReelShort Drama Shorts,1230246,3225
2026-06-12,Dailymotion,x4c7r9u,love-shortdrama,88,0
2026-06-12,Dailymotion,x4c7ro4,babygirllovesshortdrama,65,0
2026-06-12,Dailymotion,x4c7sre,dailyshortdrama,32,0
2026-06-12,Dailymotion,x4c7qhk,drama lover girl,0,0
2026-06-12,Dailymotion,x4g6uv8,ReelShort Story Shorts,2180,32
2026-06-12,Dailymotion,x4g735i,ReelShort Movie Shorts,35405,449
2026-06-12,Dailymotion,x4kmjg6,Daily Reelshort,1256,22
2026-06-12,Dailymotion,x4k7s0s,ReelShort_GlancePlay,57,8
2026-06-12,Dailymotion,x4j6cxg,Camara Romance Shorts,0,14
2026-06-12,Dailymotion,x4klm7q,ReelShort Romance Shows,23162,223
2026-06-12,Dailymotion,x4klqy0,ReelShort Hot Drama Hub,399487,1290
2026-06-12,Dailymotion,x4kpgc4,Reelshort First Love Shorts,0,14
2026-06-12,Dailymotion,x4jaytw,Reel Romance Swipe,36641,117
2026-06-12,Dailymotion,x4ks0k4,Reel Raw Vibe,43528,79
2026-06-12,Dailymotion,x4ks4yi,ReelShort Spicy Shorts,0,12
2026-06-12,Dailymotion,x4krkfk,ReelShort Intense Stories,1812,50
2026-06-12,Dailymotion,x4ko26y,ReelShort Drama Collection,67051,392
2026-06-12,Dailymotion,x4oad9u,ReelShort Drama Spotlight,150464,405
2026-06-12,Dailymotion,x4ksw2e,DramaMagic,58466,84
2026-06-12,Dailymotion,x4kt5f6,Drama Reels,92071,732
2026-06-12,Dailymotion,x4ku6nw,ReelShort Drama Studio,388438,883
2026-06-12,Dailymotion,x4kvw02,Ugoeze ReelShort Drama,97,10
2026-06-12,Dailymotion,x4kj6r0,ReelShort TV,413678,1155
2026-06-12,Dailymotion,x3xvhc6,ReelShort Romance Videos,303315,948
2026-06-12,Dailymotion,x4kfmg6,ReelShort Drama Movies,4431,349
2026-06-13,YouTube,UCAkSxwl8Lbk2hBXAAfsEFTA,Victor Drama,441344,1770
2026-06-13,YouTube,UCctSzoeee7KCnR84dZ6IO7w,Maple Playhouse,141146,510
2026-06-13,YouTube,UC82nFsZOjs5Tr96upPPq9Ww,Spur Reels,1094,1
2026-06-13,YouTube,UCnwjt6PgkKuZC4S1A0yTOFQ,DramaWithBestie,2181969,7240
2026-06-13,YouTube,UCHONLLEtQ4f9yoqa1BWlhSg,QuickFixDrama,2146009,2970
2026-06-13,YouTube,UC8Fm-ogvMehvbgF0BJjKiuQ,DramaFeverTV,191000,632
2026-06-13,YouTube,UCxfDVRNK6SoN59v_t3ZJ33A,dramabook,1005201,3620
2026-06-13,YouTube,UCdtOFTQ1GVPKzvOYsi1ApIw,Pocket Movie,1056835,3120
2026-06-13,YouTube,UCSlOhfr5f-RPRP50yRri1uA,Pocket Story,2,1
2026-06-13,YouTube,UC2IjY1Gm6b7pYp-vMJ2R9ig,SceneClip,5002179,14700
2026-06-13,YouTube,UC77WdDKy6cbCxZkC46eaudA,Drama addict,2823937,6870
2026-06-13,YouTube,UChhBhc7qJ42rgzAIPe9z6Cg,LittleDrama,1439629,4070
2026-06-13,YouTube,UC80LfoIH6FrzHTm6lXTWCKQ,DramaStory,658939,2460
2026-06-13,YouTube,UC49-b-BhbYoG54YNkwmzg8w,HotReel,0,0
2026-06-13,YouTube,UCIg97fCjw1HnS8vPqwiHLGA,Drama Nook,6902004,18400
2026-06-13,YouTube,UCm3RYOItKT_P0-oRCkkSMZw,The Drama Club,3496011,11200
2026-06-13,YouTube,UCL_RZ1IidYQkVQxfimfnPSQ,This Plot Got Me,1401540,6110
2026-06-13,YouTube,UCMGKZD9ggu_Pfo4dkL47cXQ,Dreamy Drama TV,468082,1730
2026-06-13,YouTube,UCEFB0gMdnD1NyiZaedHg2hQ,HeyDramaTV,508105,1320
2026-06-13,YouTube,UC0GVHmLgrxE2SS8F0C19JVg,Pocket Swoon,2254012,6340
2026-06-13,YouTube,UCZem4a64VnhfA4CBw9vM2bg,Swoon Bites,1113196,4540
2026-06-13,YouTube,UCxxl4xdZZqRSSz2VfnFBhwA,DramaBitesTV,2652468,28400
2026-06-13,YouTube,UCsbnInDepLdq6o781WVZ-5g,Dark Swoon,1570406,4720
2026-06-13,YouTube,UCf3lAEw_WPtcgHMUVAunzSw,Pocket Crush,4456605,11100
2026-06-13,YouTube,UCP4STX85lq_fpEtvQcq_5fw,I Found This Drama,9950440,30500
2026-06-13,YouTube,UCk2O5vfW3c_W5YWQ_BoD1Ug,Drama Found Me,14762198,44000
2026-06-13,Dailymotion,x3tfxr4,ReelShort Romance Shorts,1304260,3548
2026-06-13,Dailymotion,x3tgq5g,The Rabbit Hole TV,304525,877
2026-06-13,Dailymotion,x3tgqdc,ReelShort Drama Bombshell,164212,451
2026-06-13,Dailymotion,x3tgqpa,Reel Short Flick Frenzy,89511,333
2026-06-13,Dailymotion,x3tgrdw,Reel Drama Dose,353242,966
2026-06-13,Dailymotion,x45tgp8,ReelShort English Shorts,22499,1199
2026-06-13,Dailymotion,x45tkva,ReelShort Fantasy Shorts,671161,1769
2026-06-13,Dailymotion,x45tobw,ReelShort Sweet Shorts,815,84
2026-06-13,Dailymotion,x4c7qxk,ReelShortDaily,103,10
2026-06-13,Dailymotion,x4c7saw,ReelShort_Drama_Hub,53,10
2026-06-13,Dailymotion,x4c7srk,ReelShort_Drama_Show,32,4
2026-06-13,Dailymotion,x4c7syo,ReelShort_Drama_Buzz,4,6
2026-06-13,Dailymotion,x4c7t3q,ReelShort_Drama_Clips,3,7
2026-06-13,Dailymotion,x3tgots,ReelShort Love Shorts,477303,969
2026-06-13,Dailymotion,x3tgs5s,FilmBox Channel,300748,443
2026-06-13,Dailymotion,x3tgtae,Easy Shorts,500610,703
2026-06-13,Dailymotion,x3tgrnq,ReelShort Drama Shorts,1249574,3269
2026-06-13,Dailymotion,x4c7r9u,love-shortdrama,88,0
2026-06-13,Dailymotion,x4c7ro4,babygirllovesshortdrama,65,0
2026-06-13,Dailymotion,x4c7sre,dailyshortdrama,32,0
2026-06-13,Dailymotion,x4c7qhk,drama lover girl,0,0
2026-06-13,Dailymotion,x4g6uv8,ReelShort Story Shorts,2317,31
2026-06-13,Dailymotion,x4g735i,ReelShort Movie Shorts,56848,453
2026-06-13,Dailymotion,x4kmjg6,Daily Reelshort,1267,22
2026-06-13,Dailymotion,x4k7s0s,ReelShort_GlancePlay,57,7
2026-06-13,Dailymotion,x4j6cxg,Camara Romance Shorts,0,14
2026-06-13,Dailymotion,x4klm7q,ReelShort Romance Shows,23655,229
2026-06-13,Dailymotion,x4klqy0,ReelShort Hot Drama Hub,406519,1310
2026-06-13,Dailymotion,x4kpgc4,Reelshort First Love Shorts,0,14
2026-06-13,Dailymotion,x4jaytw,Reel Romance Swipe,37449,119
2026-06-13,Dailymotion,x4ks0k4,Reel Raw Vibe,47748,83
2026-06-13,Dailymotion,x4ks4yi,ReelShort Spicy Shorts,0,12
2026-06-13,Dailymotion,x4krkfk,ReelShort Intense Stories,1853,50
2026-06-13,Dailymotion,x4ko26y,ReelShort Drama Collection,73573,427
2026-06-13,Dailymotion,x4oad9u,ReelShort Drama Spotlight,163935,421
2026-06-13,Dailymotion,x4ksw2e,DramaMagic,58767,84
2026-06-13,Dailymotion,x4kt5f6,Drama Reels,96787,745
2026-06-13,Dailymotion,x4ku6nw,ReelShort Drama Studio,397370,900
2026-06-13,Dailymotion,x4kvw02,Ugoeze ReelShort Drama,97,10
2026-06-13,Dailymotion,x4kj6r0,ReelShort TV,421965,1179
2026-06-13,Dailymotion,x3xvhc6,ReelShort Romance Videos,307916,966
2026-06-13,Dailymotion,x4kfmg6,ReelShort Drama Movies,4558,355
2026-06-14,YouTube,UCAkSxwl8Lbk2hBXAAfsEFTA,Victor Drama,452465,1850
2026-06-14,YouTube,UCctSzoeee7KCnR84dZ6IO7w,Maple Playhouse,154886,550
2026-06-14,YouTube,UC82nFsZOjs5Tr96upPPq9Ww,Spur Reels,1337,1
2026-06-14,YouTube,UCnwjt6PgkKuZC4S1A0yTOFQ,DramaWithBestie,2232171,7380
2026-06-14,YouTube,UCHONLLEtQ4f9yoqa1BWlhSg,QuickFixDrama,2196746,3030
2026-06-14,YouTube,UC8Fm-ogvMehvbgF0BJjKiuQ,DramaFeverTV,196063,666
2026-06-14,YouTube,UCxfDVRNK6SoN59v_t3ZJ33A,dramabook,1027644,3690
2026-06-14,YouTube,UCdtOFTQ1GVPKzvOYsi1ApIw,Pocket Movie,1091011,3240
2026-06-14,YouTube,UCSlOhfr5f-RPRP50yRri1uA,Pocket Story,5,2
2026-06-14,YouTube,UC2IjY1Gm6b7pYp-vMJ2R9ig,SceneClip,5051104,14800
2026-06-14,YouTube,UC77WdDKy6cbCxZkC46eaudA,Drama addict,2852710,6940
2026-06-14,YouTube,UChhBhc7qJ42rgzAIPe9z6Cg,LittleDrama,1445775,4090
2026-06-14,YouTube,UC80LfoIH6FrzHTm6lXTWCKQ,DramaStory,706526,2570
2026-06-14,YouTube,UC49-b-BhbYoG54YNkwmzg8w,HotReel,0,0
2026-06-14,YouTube,UCIg97fCjw1HnS8vPqwiHLGA,Drama Nook,6915077,18400
2026-06-14,YouTube,UCm3RYOItKT_P0-oRCkkSMZw,The Drama Club,3525642,11500
2026-06-14,YouTube,UCL_RZ1IidYQkVQxfimfnPSQ,This Plot Got Me,1537669,6280
2026-06-14,YouTube,UCMGKZD9ggu_Pfo4dkL47cXQ,Dreamy Drama TV,525692,1850
2026-06-14,YouTube,UCEFB0gMdnD1NyiZaedHg2hQ,HeyDramaTV,539896,1400
2026-06-14,YouTube,UC0GVHmLgrxE2SS8F0C19JVg,Pocket Swoon,2279952,6390
2026-06-14,YouTube,UCZem4a64VnhfA4CBw9vM2bg,Swoon Bites,1150878,4640
2026-06-14,YouTube,UCxxl4xdZZqRSSz2VfnFBhwA,DramaBitesTV,2661271,28400
2026-06-14,YouTube,UCsbnInDepLdq6o781WVZ-5g,Dark Swoon,1582644,4770
2026-06-14,YouTube,UCf3lAEw_WPtcgHMUVAunzSw,Pocket Crush,4486321,11300
2026-06-14,YouTube,UCP4STX85lq_fpEtvQcq_5fw,I Found This Drama,9986696,30600
2026-06-14,YouTube,UCk2O5vfW3c_W5YWQ_BoD1Ug,Drama Found Me,15411521,45300
2026-06-14,Dailymotion,x3tfxr4,ReelShort Romance Shorts,1306120,3556
2026-06-14,Dailymotion,x3tgq5g,The Rabbit Hole TV,314378,907
2026-06-14,Dailymotion,x3tgqdc,ReelShort Drama Bombshell,168135,460
2026-06-14,Dailymotion,x3tgqpa,Reel Short Flick Frenzy,90484,342
2026-06-14,Dailymotion,x3tgrdw,Reel Drama Dose,355018,975
2026-06-14,Dailymotion,x45tgp8,ReelShort English Shorts,22789,1202
2026-06-14,Dailymotion,x45tkva,ReelShort Fantasy Shorts,679349,1776
2026-06-14,Dailymotion,x45tobw,ReelShort Sweet Shorts,861,86
2026-06-14,Dailymotion,x4c7qxk,ReelShortDaily,103,10
2026-06-14,Dailymotion,x4c7saw,ReelShort_Drama_Hub,53,10
2026-06-14,Dailymotion,x4c7srk,ReelShort_Drama_Show,32,4
2026-06-14,Dailymotion,x4c7syo,ReelShort_Drama_Buzz,4,6
2026-06-14,Dailymotion,x4c7t3q,ReelShort_Drama_Clips,3,7
2026-06-14,Dailymotion,x3tgots,ReelShort Love Shorts,483798,979
2026-06-14,Dailymotion,x3tgs5s,FilmBox Channel,358976,492
2026-06-14,Dailymotion,x3tgtae,Easy Shorts,503003,708
2026-06-14,Dailymotion,x3tgrnq,ReelShort Drama Shorts,1262586,3324
2026-06-14,Dailymotion,x4c7r9u,love-shortdrama,89,0
2026-06-14,Dailymotion,x4c7ro4,babygirllovesshortdrama,65,0
2026-06-14,Dailymotion,x4c7sre,dailyshortdrama,32,0
2026-06-14,Dailymotion,x4c7qhk,drama lover girl,0,0
2026-06-14,Dailymotion,x4g6uv8,ReelShort Story Shorts,2401,32
2026-06-14,Dailymotion,x4g735i,ReelShort Movie Shorts,74541,464
2026-06-14,Dailymotion,x4kmjg6,Daily Reelshort,1280,22
2026-06-14,Dailymotion,x4k7s0s,ReelShort_GlancePlay,58,7
2026-06-14,Dailymotion,x4j6cxg,Camara Romance Shorts,0,14
2026-06-14,Dailymotion,x4klm7q,ReelShort Romance Shows,24142,234
2026-06-14,Dailymotion,x4klqy0,ReelShort Hot Drama Hub,414623,1333
2026-06-14,Dailymotion,x4kpgc4,Reelshort First Love Shorts,0,14
2026-06-14,Dailymotion,x4jaytw,Reel Romance Swipe,38166,121
2026-06-14,Dailymotion,x4ks0k4,Reel Raw Vibe,52459,91
2026-06-14,Dailymotion,x4ks4yi,ReelShort Spicy Shorts,0,12
2026-06-14,Dailymotion,x4krkfk,ReelShort Intense Stories,1881,50
2026-06-14,Dailymotion,x4ko26y,ReelShort Drama Collection,79135,457
2026-06-14,Dailymotion,x4oad9u,ReelShort Drama Spotlight,171825,435
2026-06-14,Dailymotion,x4ksw2e,DramaMagic,59092,84
2026-06-14,Dailymotion,x4kt5f6,Drama Reels,100692,773
2026-06-14,Dailymotion,x4ku6nw,ReelShort Drama Studio,403938,912
2026-06-14,Dailymotion,x4kvw02,Ugoeze ReelShort Drama,97,10
2026-06-14,Dailymotion,x4kj6r0,ReelShort TV,429344,1207
2026-06-14,Dailymotion,x3xvhc6,ReelShort Romance Videos,313019,979
2026-06-14,Dailymotion,x4kfmg6,ReelShort Drama Movies,4690,356
2026-06-15,YouTube,UCAkSxwl8Lbk2hBXAAfsEFTA,Victor Drama,477419,1950
2026-06-15,YouTube,UCctSzoeee7KCnR84dZ6IO7w,Maple Playhouse,167219,581
2026-06-15,YouTube,UC82nFsZOjs5Tr96upPPq9Ww,Spur Reels,2284,2
2026-06-15,YouTube,UCnwjt6PgkKuZC4S1A0yTOFQ,DramaWithBestie,2273368,7550
2026-06-15,YouTube,UCHONLLEtQ4f9yoqa1BWlhSg,QuickFixDrama,2241071,3110
2026-06-15,YouTube,UC8Fm-ogvMehvbgF0BJjKiuQ,DramaFeverTV,205439,683
2026-06-15,YouTube,UCxfDVRNK6SoN59v_t3ZJ33A,dramabook,1051115,3770
2026-06-15,YouTube,UCdtOFTQ1GVPKzvOYsi1ApIw,Pocket Movie,1130704,3380
2026-06-15,YouTube,UCSlOhfr5f-RPRP50yRri1uA,Pocket Story,628,15
2026-06-15,YouTube,UC2IjY1Gm6b7pYp-vMJ2R9ig,SceneClip,5093013,15000
2026-06-15,YouTube,UC77WdDKy6cbCxZkC46eaudA,Drama addict,2880988,7010
2026-06-15,YouTube,UChhBhc7qJ42rgzAIPe9z6Cg,LittleDrama,1449911,4110
2026-06-15,YouTube,UC80LfoIH6FrzHTm6lXTWCKQ,DramaStory,755549,2700
2026-06-15,YouTube,UC49-b-BhbYoG54YNkwmzg8w,HotReel,0,0
2026-06-15,YouTube,UCIg97fCjw1HnS8vPqwiHLGA,Drama Nook,6925414,18500
2026-06-15,YouTube,UCm3RYOItKT_P0-oRCkkSMZw,The Drama Club,3600378,11800
2026-06-15,YouTube,UCL_RZ1IidYQkVQxfimfnPSQ,This Plot Got Me,1690628,6450
2026-06-15,YouTube,UCMGKZD9ggu_Pfo4dkL47cXQ,Dreamy Drama TV,569059,1990
2026-06-15,YouTube,UCEFB0gMdnD1NyiZaedHg2hQ,HeyDramaTV,565402,1480
2026-06-15,YouTube,UC0GVHmLgrxE2SS8F0C19JVg,Pocket Swoon,2305927,6440
2026-06-15,YouTube,UCZem4a64VnhfA4CBw9vM2bg,Swoon Bites,1178203,4770
2026-06-15,YouTube,UCxxl4xdZZqRSSz2VfnFBhwA,DramaBitesTV,2667350,28400
2026-06-15,YouTube,UCsbnInDepLdq6o781WVZ-5g,Dark Swoon,1592264,4840
2026-06-15,YouTube,UCf3lAEw_WPtcgHMUVAunzSw,Pocket Crush,4546923,11500
2026-06-15,YouTube,UCP4STX85lq_fpEtvQcq_5fw,I Found This Drama,10054173,30900
2026-06-15,YouTube,UCk2O5vfW3c_W5YWQ_BoD1Ug,Drama Found Me,15914866,46600
2026-06-15,Dailymotion,x3tfxr4,ReelShort Romance Shorts,1308056,3570
2026-06-15,Dailymotion,x3tgq5g,The Rabbit Hole TV,320917,928
2026-06-15,Dailymotion,x3tgqdc,ReelShort Drama Bombshell,170237,470
2026-06-15,Dailymotion,x3tgqpa,Reel Short Flick Frenzy,91528,344
2026-06-15,Dailymotion,x3tgrdw,Reel Drama Dose,356469,984
2026-06-15,Dailymotion,x45tgp8,ReelShort English Shorts,22956,1202
2026-06-15,Dailymotion,x45tkva,ReelShort Fantasy Shorts,686722,1788
2026-06-15,Dailymotion,x45tobw,ReelShort Sweet Shorts,900,86
2026-06-15,Dailymotion,x4c7qxk,ReelShortDaily,103,10
2026-06-15,Dailymotion,x4c7saw,ReelShort_Drama_Hub,53,10
2026-06-15,Dailymotion,x4c7srk,ReelShort_Drama_Show,32,4
2026-06-15,Dailymotion,x4c7syo,ReelShort_Drama_Buzz,4,6
2026-06-15,Dailymotion,x4c7t3q,ReelShort_Drama_Clips,3,7
2026-06-15,Dailymotion,x3tgots,ReelShort Love Shorts,489719,1005
2026-06-15,Dailymotion,x3tgs5s,FilmBox Channel,400558,531
2026-06-15,Dailymotion,x3tgtae,Easy Shorts,505110,711
2026-06-15,Dailymotion,x3tgrnq,ReelShort Drama Shorts,1275435,3358
2026-06-15,Dailymotion,x4c7r9u,love-shortdrama,90,0
2026-06-15,Dailymotion,x4c7ro4,babygirllovesshortdrama,65,0
2026-06-15,Dailymotion,x4c7sre,dailyshortdrama,32,0
2026-06-15,Dailymotion,x4c7qhk,drama lover girl,0,0
2026-06-15,Dailymotion,x4g6uv8,ReelShort Story Shorts,2476,32
2026-06-15,Dailymotion,x4g735i,ReelShort Movie Shorts,89184,478
2026-06-15,Dailymotion,x4kmjg6,Daily Reelshort,1288,22
2026-06-15,Dailymotion,x4k7s0s,ReelShort_GlancePlay,58,7
2026-06-15,Dailymotion,x4j6cxg,Camara Romance Shorts,0,14
2026-06-15,Dailymotion,x4klm7q,ReelShort Romance Shows,24569,235
2026-06-15,Dailymotion,x4klqy0,ReelShort Hot Drama Hub,422097,1366
2026-06-15,Dailymotion,x4kpgc4,Reelshort First Love Shorts,0,14
2026-06-15,Dailymotion,x4jaytw,Reel Romance Swipe,38933,125
2026-06-15,Dailymotion,x4ks0k4,Reel Raw Vibe,56987,96
2026-06-15,Dailymotion,x4ks4yi,ReelShort Spicy Shorts,0,12
2026-06-15,Dailymotion,x4krkfk,ReelShort Intense Stories,1919,50
2026-06-15,Dailymotion,x4ko26y,ReelShort Drama Collection,83950,494
2026-06-15,Dailymotion,x4oad9u,ReelShort Drama Spotlight,178402,448
2026-06-15,Dailymotion,x4ksw2e,DramaMagic,59501,89
2026-06-15,Dailymotion,x4kt5f6,Drama Reels,104251,799
2026-06-15,Dailymotion,x4ku6nw,ReelShort Drama Studio,408407,929
2026-06-15,Dailymotion,x4kvw02,Ugoeze ReelShort Drama,97,10
2026-06-15,Dailymotion,x4kj6r0,ReelShort TV,434874,1232
2026-06-15,Dailymotion,x3xvhc6,ReelShort Romance Videos,317801,992
2026-06-15,Dailymotion,x4kfmg6,ReelShort Drama Movies,4834,357
